intercept,coefficient
1.0251715129883454,-0.6207037250177849
